{
    "config_version": "v2.0.0",
    "number_of_guardians": 3,
    "quorum": 3,
    "parameter_base_hash": "2B3B025E50E09C119CBA7E9448ACD1CABC9447EF39BF06327D81C665CDD86296",
    "manifest_hash": "16DDFBCA54759FDDFBF392EDE7660CBF94B4330453D18337E7075D61D129716B",
    "election_base_hash": "B6E950F3BFD3526BEDB5690A21ECB24422953A9FE51E908D87087DEA33E85204",
    "chain_confirmation_codes": false,
    "baux0": [
        100,
        101,
        118,
        105,
        99,
        101,
        32,
        105,
        110,
        102,
        111,
        114,
        109,
        97,
        116,
        105,
        111,
        110
    ],
    "metadata": {
        "Created by": "runFakeKeyCeremony"
    }
}