{
    "ballot_id": "id-18681006",
    "ballot_style": "ballotStyle",
    "contests": [
        {
            "contest_id": "contest0",
            "sequence_order": 0,
            "selections": [
                {
                    "selection_id": "selection0",
                    "sequence_order": 0,
                    "vote": 0
                },
                {
                    "selection_id": "selection1",
                    "sequence_order": 1,
                    "vote": 0
                },
                {
                    "selection_id": "selection2",
                    "sequence_order": 2,
                    "vote": 1
                },
                {
                    "selection_id": "selection3",
                    "sequence_order": 3,
                    "vote": 0
                }
            ],
            "write_ins": [
            ]
        },
        {
            "contest_id": "contest1",
            "sequence_order": 1,
            "selections": [
                {
                    "selection_id": "selection4",
                    "sequence_order": 4,
                    "vote": 0
                },
                {
                    "selection_id": "selection5",
                    "sequence_order": 5,
                    "vote": 1
                },
                {
                    "selection_id": "selection6",
                    "sequence_order": 6,
                    "vote": 0
                },
                {
                    "selection_id": "selection7",
                    "sequence_order": 7,
                    "vote": 0
                }
            ],
            "write_ins": [
            ]
        },
        {
            "contest_id": "contest2",
            "sequence_order": 2,
            "selections": [
                {
                    "selection_id": "selection8",
                    "sequence_order": 8,
                    "vote": 0
                },
                {
                    "selection_id": "selection9",
                    "sequence_order": 9,
                    "vote": 0
                },
                {
                    "selection_id": "selection10",
                    "sequence_order": 10,
                    "vote": 0
                },
                {
                    "selection_id": "selection11",
                    "sequence_order": 11,
                    "vote": 0
                }
            ],
            "write_ins": [
            ]
        },
        {
            "contest_id": "contest3",
            "sequence_order": 3,
            "selections": [
                {
                    "selection_id": "selection12",
                    "sequence_order": 12,
                    "vote": 0
                },
                {
                    "selection_id": "selection13",
                    "sequence_order": 13,
                    "vote": 0
                },
                {
                    "selection_id": "selection14",
                    "sequence_order": 14,
                    "vote": 0
                },
                {
                    "selection_id": "selection15",
                    "sequence_order": 15,
                    "vote": 1
                }
            ],
            "write_ins": [
            ]
        },
        {
            "contest_id": "contest4",
            "sequence_order": 4,
            "selections": [
                {
                    "selection_id": "selection16",
                    "sequence_order": 16,
                    "vote": 0
                },
                {
                    "selection_id": "selection17",
                    "sequence_order": 17,
                    "vote": 0
                },
                {
                    "selection_id": "selection18",
                    "sequence_order": 18,
                    "vote": 0
                },
                {
                    "selection_id": "selection19",
                    "sequence_order": 19,
                    "vote": 0
                }
            ],
            "write_ins": [
            ]
        },
        {
            "contest_id": "contest5",
            "sequence_order": 5,
            "selections": [
                {
                    "selection_id": "selection20",
                    "sequence_order": 20,
                    "vote": 1
                },
                {
                    "selection_id": "selection21",
                    "sequence_order": 21,
                    "vote": 0
                },
                {
                    "selection_id": "selection22",
                    "sequence_order": 22,
                    "vote": 0
                },
                {
                    "selection_id": "selection23",
                    "sequence_order": 23,
                    "vote": 0
                }
            ],
            "write_ins": [
            ]
        },
        {
            "contest_id": "contest6",
            "sequence_order": 6,
            "selections": [
                {
                    "selection_id": "selection24",
                    "sequence_order": 24,
                    "vote": 1
                },
                {
                    "selection_id": "selection25",
                    "sequence_order": 25,
                    "vote": 0
                },
                {
                    "selection_id": "selection26",
                    "sequence_order": 26,
                    "vote": 0
                },
                {
                    "selection_id": "selection27",
                    "sequence_order": 27,
                    "vote": 0
                }
            ],
            "write_ins": [
            ]
        },
        {
            "contest_id": "contest7",
            "sequence_order": 7,
            "selections": [
                {
                    "selection_id": "selection28",
                    "sequence_order": 28,
                    "vote": 0
                },
                {
                    "selection_id": "selection29",
                    "sequence_order": 29,
                    "vote": 0
                },
                {
                    "selection_id": "selection30",
                    "sequence_order": 30,
                    "vote": 0
                },
                {
                    "selection_id": "selection31",
                    "sequence_order": 31,
                    "vote": 0
                }
            ],
            "write_ins": [
            ]
        },
        {
            "contest_id": "contest8",
            "sequence_order": 8,
            "selections": [
                {
                    "selection_id": "selection32",
                    "sequence_order": 32,
                    "vote": 0
                },
                {
                    "selection_id": "selection33",
                    "sequence_order": 33,
                    "vote": 1
                },
                {
                    "selection_id": "selection34",
                    "sequence_order": 34,
                    "vote": 0
                },
                {
                    "selection_id": "selection35",
                    "sequence_order": 35,
                    "vote": 0
                }
            ],
            "write_ins": [
            ]
        },
        {
            "contest_id": "contest9",
            "sequence_order": 9,
            "selections": [
                {
                    "selection_id": "selection36",
                    "sequence_order": 36,
                    "vote": 0
                },
                {
                    "selection_id": "selection37",
                    "sequence_order": 37,
                    "vote": 0
                },
                {
                    "selection_id": "selection38",
                    "sequence_order": 38,
                    "vote": 0
                },
                {
                    "selection_id": "selection39",
                    "sequence_order": 39,
                    "vote": 0
                }
            ],
            "write_ins": [
            ]
        },
        {
            "contest_id": "contest10",
            "sequence_order": 10,
            "selections": [
                {
                    "selection_id": "selection40",
                    "sequence_order": 40,
                    "vote": 1
                },
                {
                    "selection_id": "selection41",
                    "sequence_order": 41,
                    "vote": 0
                },
                {
                    "selection_id": "selection42",
                    "sequence_order": 42,
                    "vote": 0
                },
                {
                    "selection_id": "selection43",
                    "sequence_order": 43,
                    "vote": 0
                }
            ],
            "write_ins": [
            ]
        },
        {
            "contest_id": "contest11",
            "sequence_order": 11,
            "selections": [
                {
                    "selection_id": "selection44",
                    "sequence_order": 44,
                    "vote": 1
                },
                {
                    "selection_id": "selection45",
                    "sequence_order": 45,
                    "vote": 0
                },
                {
                    "selection_id": "selection46",
                    "sequence_order": 46,
                    "vote": 0
                },
                {
                    "selection_id": "selection47",
                    "sequence_order": 47,
                    "vote": 0
                }
            ],
            "write_ins": [
            ]
        },
        {
            "contest_id": "contest12",
            "sequence_order": 12,
            "selections": [
                {
                    "selection_id": "selection48",
                    "sequence_order": 48,
                    "vote": 1
                },
                {
                    "selection_id": "selection49",
                    "sequence_order": 49,
                    "vote": 0
                },
                {
                    "selection_id": "selection50",
                    "sequence_order": 50,
                    "vote": 0
                },
                {
                    "selection_id": "selection51",
                    "sequence_order": 51,
                    "vote": 0
                }
            ],
            "write_ins": [
            ]
        },
        {
            "contest_id": "contest13",
            "sequence_order": 13,
            "selections": [
                {
                    "selection_id": "selection52",
                    "sequence_order": 52,
                    "vote": 0
                },
                {
                    "selection_id": "selection53",
                    "sequence_order": 53,
                    "vote": 0
                },
                {
                    "selection_id": "selection54",
                    "sequence_order": 54,
                    "vote": 0
                },
                {
                    "selection_id": "selection55",
                    "sequence_order": 55,
                    "vote": 0
                }
            ],
            "write_ins": [
            ]
        },
        {
            "contest_id": "contest14",
            "sequence_order": 14,
            "selections": [
                {
                    "selection_id": "selection56",
                    "sequence_order": 56,
                    "vote": 1
                },
                {
                    "selection_id": "selection57",
                    "sequence_order": 57,
                    "vote": 0
                },
                {
                    "selection_id": "selection58",
                    "sequence_order": 58,
                    "vote": 0
                },
                {
                    "selection_id": "selection59",
                    "sequence_order": 59,
                    "vote": 0
                }
            ],
            "write_ins": [
            ]
        },
        {
            "contest_id": "contest15",
            "sequence_order": 15,
            "selections": [
                {
                    "selection_id": "selection60",
                    "sequence_order": 60,
                    "vote": 0
                },
                {
                    "selection_id": "selection61",
                    "sequence_order": 61,
                    "vote": 0
                },
                {
                    "selection_id": "selection62",
                    "sequence_order": 62,
                    "vote": 0
                },
                {
                    "selection_id": "selection63",
                    "sequence_order": 63,
                    "vote": 0
                }
            ],
            "write_ins": [
            ]
        },
        {
            "contest_id": "contest16",
            "sequence_order": 16,
            "selections": [
                {
                    "selection_id": "selection64",
                    "sequence_order": 64,
                    "vote": 1
                },
                {
                    "selection_id": "selection65",
                    "sequence_order": 65,
                    "vote": 0
                },
                {
                    "selection_id": "selection66",
                    "sequence_order": 66,
                    "vote": 0
                },
                {
                    "selection_id": "selection67",
                    "sequence_order": 67,
                    "vote": 0
                }
            ],
            "write_ins": [
            ]
        },
        {
            "contest_id": "contest17",
            "sequence_order": 17,
            "selections": [
                {
                    "selection_id": "selection68",
                    "sequence_order": 68,
                    "vote": 1
                },
                {
                    "selection_id": "selection69",
                    "sequence_order": 69,
                    "vote": 0
                },
                {
                    "selection_id": "selection70",
                    "sequence_order": 70,
                    "vote": 0
                },
                {
                    "selection_id": "selection71",
                    "sequence_order": 71,
                    "vote": 0
                }
            ],
            "write_ins": [
            ]
        },
        {
            "contest_id": "contest18",
            "sequence_order": 18,
            "selections": [
                {
                    "selection_id": "selection72",
                    "sequence_order": 72,
                    "vote": 0
                },
                {
                    "selection_id": "selection73",
                    "sequence_order": 73,
                    "vote": 0
                },
                {
                    "selection_id": "selection74",
                    "sequence_order": 74,
                    "vote": 0
                },
                {
                    "selection_id": "selection75",
                    "sequence_order": 75,
                    "vote": 1
                }
            ],
            "write_ins": [
            ]
        },
        {
            "contest_id": "contest19",
            "sequence_order": 19,
            "selections": [
                {
                    "selection_id": "selection76",
                    "sequence_order": 76,
                    "vote": 0
                },
                {
                    "selection_id": "selection77",
                    "sequence_order": 77,
                    "vote": 0
                },
                {
                    "selection_id": "selection78",
                    "sequence_order": 78,
                    "vote": 1
                },
                {
                    "selection_id": "selection79",
                    "sequence_order": 79,
                    "vote": 0
                }
            ],
            "write_ins": [
            ]
        }
    ]
}